b2136d49-5f5c-4f12-a977-6c40b0b6bbdc,01c9b39d-475c-4cf6-ab05-d0679e4c3dea,lzs-3198,1,
8faf317c-d05b-4d48-bb22-ab0823e737bd,dad5cb71-82b1-4572-83dc-c73e40a10907,osu-0981,1,
1fb81620-f031-4327-8f05-dd0102a5a050,3bc10de6-ad02-4f89-b229-97f7e14d3e1f,rlz-5995,1,
c05529d1-bcfe-40a3-bf92-f9fd080f54da,031f4d13-fd39-4dc2-8bf8-b259e4fa0262,fpz-9270,1,
bd27ef60-9a33-4e72-b1ac-c8da39feb9e7,75ac9cb2-b1ef-4326-8d66-a1f566f62b64,fwz-6965,1,
80104cfc-1f3a-4c2e-8ca1-8cc5d7000c46,dad5cb71-82b1-4572-83dc-c73e40a10907,kwz-5254,1,
ed74c5f2-c4f2-4e1c-bc46-277f24ae5f40,3bc10de6-ad02-4f89-b229-97f7e14d3e1f,ktv-1799,1,
44560f7f-2db1-406c-917d-cc0de83f04fe,84a768fe-5a60-44ff-8f84-cbd0000712f2,erw-3924,1,
43331fe1-9b07-4f58-a863-8075ef4bd95f,3c0df6e0-9b4b-4196-ad34-037d282b1c04,erw-3924,1,
e1b95b9a-73bc-42c9-bbdb-e6ee0092024f,dad5cb71-82b1-4572-83dc-c73e40a10907,epe-3727,1,
744d5f50-de38-430d-b5db-9780a3ff5f0e,ef70ba9b-9cdd-48c3-8920-7539e4b1520f,kwz-5254,1,
9bc74661-5cf0-4066-8c1e-fb3a47ed5ca8,13622f3a-da6b-49eb-bcb8-817893ea6558,xws-5221,1,
2992423b-954a-4b3d-a01d-63830279055a,13622f3a-da6b-49eb-bcb8-817893ea6558,nzz-6941,1,
a03f5306-476d-4798-b1bf-e10b17e0eef2,e456d576-80dd-4039-ae6d-8c81c6c37172,vjq-5667,1,
629d37c0-2052-4639-8ac8-15e3a396afb1,e456d576-80dd-4039-ae6d-8c81c6c37172,nzz-6941,1,
45c18ed1-2116-452d-bae4-0ad098548fa8,231f1c7c-c372-40a2-af57-543ad7234ec6,oui-2569,1,
405d25f3-84cb-4a95-8cde-d7fa99dc47a7,84a768fe-5a60-44ff-8f84-cbd0000712f2,osu-0981,1,
571c5591-6d0f-482c-a2d2-d1c29aebf99a,6c33cf6e-5801-4833-84e2-9583b74fd952,bxm-3520,1,
257fa671-e321-4712-a782-24b1da930cd7,231f1c7c-c372-40a2-af57-543ad7234ec6,lzs-3198,1,
2a8a0291-3736-4b7f-a99e-099133f19c51,ef70ba9b-9cdd-48c3-8920-7539e4b1520f,hac-6340,1,
